Datetime,Open,High,Low,Close,Volume,Dividends,Stock Splits
2024-10-07 09:30:00-04:00,42289.51171875,42293.640625,42133.890625,42187.30078125,58269231,0.0,0.0
2024-10-07 11:00:00-04:00,42188.01953125,42250.51171875,42060.98828125,42105.26171875,38407125,0.0,0.0
2024-10-07 12:30:00-04:00,42105.44921875,42142.140625,42025.69140625,42054.9609375,29177393,0.0,0.0
2024-10-07 14:00:00-04:00,42055.16015625,42055.16015625,41831.73828125,41956.94140625,47522009,0.0,0.0
2024-10-07 15:30:00-04:00,41956.5703125,42012.109375,41902.62109375,41952.6796875,37638074,0.0,0.0
2024-10-08 09:30:00-04:00,42022.6484375,42096.4296875,41874.71875,41977.6796875,74720492,0.0,0.0
2024-10-08 11:00:00-04:00,41974.328125,42043.48046875,41960.12890625,42033.19921875,33223237,0.0,0.0
2024-10-08 12:30:00-04:00,42033.359375,42051.94140625,41936.73828125,42004.69921875,30842173,0.0,0.0
2024-10-08 14:00:00-04:00,42005.28125,42092.390625,42005.28125,42079.87109375,45858338,0.0,0.0
2024-10-08 15:30:00-04:00,42080.41015625,42128.55859375,42072.33984375,42075.3203125,40443897,0.0,0.0
2024-10-09 09:30:00-04:00,42070.3203125,42289.16015625,41993.3515625,42252.51953125,69118977,0.0,0.0
2024-10-09 11:00:00-04:00,42252.48828125,42485.76171875,42252.03125,42425.44921875,43605542,0.0,0.0
2024-10-09 12:30:00-04:00,42425.03125,42497.83984375,42371.08984375,42426.23828125,30004593,0.0,0.0
2024-10-09 14:00:00-04:00,42426.03125,42510.44921875,42393.01953125,42506.9609375,35318584,0.0,0.0
2024-10-09 15:30:00-04:00,42507.140625,42562.01171875,42480.87109375,42514.01953125,35281618,0.0,0.0
2024-10-10 09:30:00-04:00,42511.37109375,42511.37109375,42332.5390625,42355.55859375,70151013,0.0,0.0
2024-10-10 11:00:00-04:00,42355.1015625,42500.359375,42340.25,42498.16015625,31241175,0.0,0.0
2024-10-10 12:30:00-04:00,42498.1015625,42500.7109375,42314.75,42414.2890625,27759436,0.0,0.0
2024-10-10 14:00:00-04:00,42414.0703125,42414.671875,42308.0390625,42358.578125,30427306,0.0,0.0
2024-10-10 15:30:00-04:00,42358.6796875,42472.6796875,42357.26953125,42454.83984375,31515059,0.0,0.0
2024-10-11 09:30:00-04:00,42507.53125,42791.6015625,42507.53125,42767.078125,61933086,0.0,0.0
2024-10-11 11:00:00-04:00,42766.80859375,42835.48046875,42702.83984375,42722.78125,38157071,0.0,0.0
2024-10-11 12:30:00-04:00,42723.0703125,42798.671875,42707.21875,42793.140625,26714760,0.0,0.0
2024-10-11 14:00:00-04:00,42792.78125,42886.71875,42784.73046875,42876.1484375,33692898,0.0,0.0
2024-10-11 15:30:00-04:00,42876.2890625,42899.75,42854.73046875,42865.19140625,36555531,0.0,0.0
2024-10-14 09:30:00-04:00,42800.890625,42932.91015625,42707.140625,42922.03125,53043595,0.0,0.0
2024-10-14 11:00:00-04:00,42921.37890625,43062.78125,42898.26171875,43047.46875,32748373,0.0,0.0
2024-10-14 12:30:00-04:00,43047.46875,43075.37890625,43007.33984375,43011.9296875,23340819,0.0,0.0
2024-10-14 14:00:00-04:00,43011.8984375,43111.44921875,42995.328125,43081.19140625,29033776,0.0,0.0
2024-10-14 15:30:00-04:00,43081.08984375,43139.0,43066.69140625,43077.73828125,36189963,0.0,0.0
2024-10-15 09:30:00-04:00,43240.171875,43277.78125,42760.5390625,42918.171875,88143784,0.0,0.0
2024-10-15 11:00:00-04:00,42918.48828125,43004.1015625,42886.19140625,42996.6015625,48275167,0.0,0.0
2024-10-15 12:30:00-04:00,42996.359375,43002.4609375,42846.0,42855.921875,34990878,0.0,0.0
2024-10-15 14:00:00-04:00,42856.0,42866.140625,42725.3984375,42761.94921875,40864617,0.0,0.0
2024-10-15 15:30:00-04:00,42761.5703125,42775.859375,42703.171875,42752.51953125,51810554,0.0,0.0
2024-10-16 09:30:00-04:00,42706.48828125,42977.640625,42692.37109375,42944.94140625,73400907,0.0,0.0
2024-10-16 11:00:00-04:00,42946.37890625,43009.578125,42910.66015625,42989.41015625,41720781,0.0,0.0
2024-10-16 12:30:00-04:00,42989.30859375,43016.44921875,42959.12109375,43005.390625,33681352,0.0,0.0
2024-10-16 14:00:00-04:00,43005.2890625,43098.140625,43002.828125,43059.8984375,38273569,0.0,0.0
2024-10-16 15:30:00-04:00,43059.76953125,43100.83984375,43052.609375,43077.1484375,37714164,0.0,0.0
2024-10-17 09:30:00-04:00,43119.80859375,43289.76171875,43119.80859375,43170.5390625,53506847,0.0,0.0
2024-10-17 11:00:00-04:00,43170.609375,43253.9609375,43123.859375,43219.6484375,37636145,0.0,0.0
2024-10-17 12:30:00-04:00,43219.51953125,43286.109375,43199.8984375,43278.87890625,30053921,0.0,0.0
2024-10-17 14:00:00-04:00,43279.05078125,43282.6484375,43164.640625,43243.7109375,35774626,0.0,0.0
2024-10-17 15:30:00-04:00,43242.921875,43268.94140625,43229.6796875,43239.51171875,34293390,0.0,0.0
2024-10-18 09:30:00-04:00,43187.12109375,43252.8984375,43036.3515625,43149.01171875,51003136,0.0,0.0
2024-10-18 11:00:00-04:00,43147.76171875,43255.55859375,43132.890625,43244.0390625,40954134,0.0,0.0
2024-10-18 12:30:00-04:00,43243.5703125,43315.16015625,43229.96875,43260.44921875,33261135,0.0,0.0
2024-10-18 14:00:00-04:00,43260.62109375,43325.08984375,43205.37109375,43249.91015625,32281471,0.0,0.0
2024-10-18 15:30:00-04:00,43249.8515625,43285.94140625,43236.21875,43275.3515625,32146341,0.0,0.0
2024-10-21 09:30:00-04:00,43222.2109375,43310.87109375,43047.44921875,43053.7109375,53897053,0.0,0.0
2024-10-21 11:00:00-04:00,43054.0,43056.21875,42877.5703125,42950.76171875,41117477,0.0,0.0
2024-10-21 12:30:00-04:00,42950.3515625,43004.71875,42935.69921875,42949.28125,26848565,0.0,0.0
2024-10-21 14:00:00-04:00,42949.1796875,42959.828125,42890.01171875,42927.8203125,31088389,0.0,0.0
2024-10-21 15:30:00-04:00,42927.48828125,42937.6015625,42880.76953125,42937.6015625,35141512,0.0,0.0
2024-10-22 09:30:00-04:00,42876.83984375,42876.83984375,42718.26171875,42828.1796875,75238418,0.0,0.0
2024-10-22 11:00:00-04:00,42827.078125,42894.05078125,42798.4296875,42890.6015625,42069686,0.0,0.0
2024-10-22 12:30:00-04:00,42890.3984375,43010.55078125,42888.58984375,43009.08984375,40393112,0.0,0.0
2024-10-22 14:00:00-04:00,43009.44921875,43041.05078125,42932.8203125,42967.5,39124973,0.0,0.0
2024-10-22 15:30:00-04:00,42968.390625,43008.76953125,42923.3203125,42925.421875,37940539,0.0,0.0
2024-10-23 09:30:00-04:00,42834.3984375,42834.3984375,42625.48828125,42661.30078125,66128609,0.0,0.0
2024-10-23 11:00:00-04:00,42661.69140625,42661.69140625,42524.75,42527.51953125,58299293,0.0,0.0
2024-10-23 12:30:00-04:00,42527.87890625,42583.9296875,42414.5,42415.109375,47331313,0.0,0.0
2024-10-23 14:00:00-04:00,42415.1484375,42525.8515625,42293.171875,42491.71875,51290406,0.0,0.0
2024-10-23 15:30:00-04:00,42491.19921875,42528.671875,42465.5390625,42508.9296875,46726078,0.0,0.0
2024-10-24 09:30:00-04:00,42522.55078125,42522.55078125,42337.171875,42399.55859375,58758707,0.0,0.0
2024-10-24 11:00:00-04:00,42399.359375,42413.76171875,42191.828125,42279.8984375,39717730,0.0,0.0
2024-10-24 12:30:00-04:00,42279.96875,42412.671875,42276.87109375,42332.23046875,30930860,0.0,0.0
2024-10-24 14:00:00-04:00,42332.55078125,42397.98046875,42307.4609375,42384.08984375,34937076,0.0,0.0
2024-10-24 15:30:00-04:00,42384.69140625,42411.609375,42366.6796875,42373.41015625,34827083,0.0,0.0
2024-10-25 09:30:00-04:00,42477.51171875,42594.640625,42477.33984375,42480.91015625,67604911,0.0,0.0
2024-10-25 11:00:00-04:00,42480.8203125,42502.890625,42267.5,42350.7109375,42814239,0.0,0.0
2024-10-25 12:30:00-04:00,42349.78125,42358.6484375,42057.62109375,42106.25,40678507,0.0,0.0
2024-10-25 14:00:00-04:00,42104.80859375,42207.16015625,42051.390625,42144.76953125,37861539,0.0,0.0
2024-10-25 15:30:00-04:00,42143.7890625,42148.96875,42085.671875,42112.26953125,36666417,0.0,0.0
2024-10-28 09:30:00-04:00,42264.5390625,42469.94140625,42264.5390625,42423.51953125,52954937,0.0,0.0
2024-10-28 11:00:00-04:00,42435.98828125,42476.4609375,42331.171875,42411.7109375,36670633,0.0,0.0
2024-10-28 12:30:00-04:00,42411.75,42445.08984375,42363.640625,42441.08984375,29431506,0.0,0.0
2024-10-28 14:00:00-04:00,42441.4609375,42456.41015625,42396.80078125,42438.171875,34029336,0.0,0.0
2024-10-28 15:30:00-04:00,42438.23046875,42461.8203125,42380.2109375,42395.078125,38465342,0.0,0.0
2024-10-29 09:30:00-04:00,42323.48046875,42491.859375,42171.6484375,42397.05078125,70494210,0.0,0.0
2024-10-29 11:00:00-04:00,42398.62890625,42404.4296875,42297.58984375,42309.75,62820378,0.0,0.0
2024-10-29 12:30:00-04:00,42309.48828125,42384.6484375,42267.87890625,42318.23046875,43599873,0.0,0.0
2024-10-29 14:00:00-04:00,42318.4609375,42352.41015625,42291.1796875,42318.5,44887689,0.0,0.0
2024-10-29 15:30:00-04:00,42318.28125,42320.5390625,42228.671875,42248.421875,48841929,0.0,0.0
2024-10-30 09:30:00-04:00,42249.80859375,42436.98828125,42144.3984375,42379.80859375,66253802,0.0,0.0
2024-10-30 11:00:00-04:00,42369.96875,42457.921875,42339.37890625,42394.05078125,49030537,0.0,0.0
2024-10-30 12:30:00-04:00,42393.890625,42395.80859375,42240.5,42250.921875,40005963,0.0,0.0
2024-10-30 14:00:00-04:00,42251.66015625,42327.4296875,42196.921875,42223.37890625,43384338,0.0,0.0
2024-10-30 15:30:00-04:00,42223.62109375,42232.62109375,42141.71875,42170.671875,55214510,0.0,0.0
2024-10-31 09:30:00-04:00,41956.33984375,41991.91015625,41761.83984375,41768.2109375,88920601,0.0,0.0
2024-10-31 11:00:00-04:00,41761.73046875,41881.671875,41704.62890625,41870.21875,65166330,0.0,0.0
2024-10-31 12:30:00-04:00,41869.3515625,41976.66015625,41853.12890625,41875.578125,48164480,0.0,0.0
2024-10-31 14:00:00-04:00,41875.21875,41956.71875,41846.640625,41919.078125,57336224,0.0,0.0
2024-10-31 15:30:00-04:00,41917.76171875,41960.5703125,41751.140625,41753.76171875,69623645,0.0,0.0
2024-11-01 09:30:00-04:00,41869.8203125,42288.83984375,41869.8203125,42228.69921875,139513406,0.0,0.0
2024-11-01 11:00:00-04:00,42230.0390625,42326.30859375,42191.921875,42193.1484375,93920530,0.0,0.0
2024-11-01 12:30:00-04:00,42189.2890625,42244.80859375,42047.5,42055.6796875,57054637,0.0,0.0
2024-11-01 14:00:00-04:00,42055.421875,42158.26953125,42020.71875,42056.109375,61744137,0.0,0.0
2024-11-01 15:30:00-04:00,42056.26953125,42083.1484375,42005.55859375,42046.37890625,50599172,0.0,0.0
2024-11-04 09:30:00-05:00,42004.66015625,42035.87109375,41850.2109375,41912.25,72787511,0.0,0.0
2024-11-04 11:00:00-05:00,41911.1796875,41931.51171875,41647.30078125,41822.87890625,57214747,0.0,0.0
2024-11-04 12:30:00-05:00,41823.171875,41884.25,41773.2890625,41824.828125,40441899,0.0,0.0
2024-11-04 14:00:00-05:00,41824.46875,41859.6015625,41791.6484375,41813.80859375,37102654,0.0,0.0
2024-11-04 15:30:00-05:00,41814.26171875,41821.859375,41761.171875,41799.8203125,43654969,0.0,0.0
2024-11-05 09:30:00-05:00,41835.48828125,42176.5703125,41772.2109375,42087.30859375,64112254,0.0,0.0
2024-11-05 11:00:00-05:00,42086.609375,42190.69921875,42059.5390625,42161.421875,44060172,0.0,0.0
2024-11-05 12:30:00-05:00,42161.48828125,42258.83984375,42101.828125,42152.1015625,36186173,0.0,0.0
2024-11-05 14:00:00-05:00,42152.41015625,42201.3515625,42114.0,42151.48828125,34300427,0.0,0.0
2024-11-05 15:30:00-05:00,42150.9296875,42230.01953125,42128.6015625,42227.73828125,37057438,0.0,0.0
2024-11-06 09:30:00-05:00,42850.3984375,43624.109375,42850.3984375,43503.87109375,153774036,0.0,0.0
2024-11-06 11:00:00-05:00,43503.640625,43615.6796875,43453.78125,43558.71875,68783537,0.0,0.0
2024-11-06 12:30:00-05:00,43558.171875,43711.890625,43556.94140625,43667.078125,56011731,0.0,0.0
2024-11-06 14:00:00-05:00,43667.1015625,43769.78125,43635.921875,43727.109375,67355191,0.0,0.0
2024-11-06 15:30:00-05:00,43726.8515625,43778.78125,43689.37890625,43726.71875,65828523,0.0,0.0
2024-11-07 09:30:00-05:00,43718.921875,43810.2890625,43641.921875,43755.55859375,122476510,0.0,0.0
2024-11-07 11:00:00-05:00,43756.62890625,43781.921875,43677.96875,43770.37109375,52818689,0.0,0.0
2024-11-07 12:30:00-05:00,43770.3515625,43795.0,43691.9609375,43735.30859375,39241433,0.0,0.0
2024-11-07 14:00:00-05:00,43735.390625,43823.1015625,43646.51171875,43779.62890625,58037643,0.0,0.0
2024-11-07 15:30:00-05:00,43779.1484375,43806.390625,43716.80078125,43727.26171875,49575589,0.0,0.0
2024-11-08 09:30:00-05:00,43768.53125,44032.1015625,43733.859375,44009.98046875,111991905,0.0,0.0
2024-11-08 11:00:00-05:00,44011.7890625,44052.890625,43950.12890625,43976.23828125,64104821,0.0,0.0
2024-11-08 12:30:00-05:00,43976.37890625,44053.83984375,43968.80859375,44049.98828125,48810465,0.0,0.0
2024-11-08 14:00:00-05:00,44049.62890625,44157.2890625,44034.171875,44044.55859375,52886007,0.0,0.0
2024-11-08 15:30:00-05:00,44044.6484375,44047.58984375,43975.80859375,43998.73046875,52203626,0.0,0.0
2024-11-11 09:30:00-05:00,44057.6484375,44486.69921875,44057.6484375,44395.23046875,131112403,0.0,0.0
2024-11-11 11:00:00-05:00,44393.87890625,44426.62109375,44310.33984375,44342.0,63538504,0.0,0.0
2024-11-11 12:30:00-05:00,44341.55078125,44356.6796875,44247.19140625,44313.5703125,51248861,0.0,0.0
2024-11-11 14:00:00-05:00,44313.33984375,44336.2109375,44273.30859375,44281.01171875,51541506,0.0,0.0
2024-11-11 15:30:00-05:00,44281.12890625,44316.9296875,44253.7890625,44305.25,44969360,0.0,0.0
2024-11-12 09:30:00-05:00,44359.2109375,44405.73046875,44138.94921875,44174.80078125,153230469,0.0,0.0
2024-11-12 11:00:00-05:00,44172.3984375,44179.3984375,44013.71875,44037.328125,73631715,0.0,0.0
2024-11-12 12:30:00-05:00,44036.87109375,44121.62109375,43909.98828125,44098.2890625,58375577,0.0,0.0
2024-11-12 14:00:00-05:00,44098.4296875,44145.73828125,43974.98828125,43998.73828125,55079475,0.0,0.0
2024-11-12 15:30:00-05:00,43998.6015625,44001.19921875,43887.26953125,43912.5390625,50781734,0.0,0.0
2024-11-13 09:30:00-05:00,43880.4609375,44052.078125,43829.98046875,44034.37109375,101648059,0.0,0.0
2024-11-13 11:00:00-05:00,44032.96875,44135.16015625,43998.48046875,44088.30859375,71222734,0.0,0.0
2024-11-13 12:30:00-05:00,44088.6015625,44141.328125,44038.62109375,44039.94140625,58923552,0.0,0.0
2024-11-13 14:00:00-05:00,44040.2109375,44068.8203125,43925.03125,44003.0703125,72055318,0.0,0.0
2024-11-13 15:30:00-05:00,44002.78125,44037.91015625,43934.6796875,43960.4296875,58290329,0.0,0.0
2024-11-14 09:30:00-05:00,44032.37890625,44080.78125,43869.12109375,43942.890625,128535546,0.0,0.0
2024-11-14 11:00:00-05:00,43942.359375,43971.08984375,43809.609375,43820.640625,74662718,0.0,0.0
2024-11-14 12:30:00-05:00,43820.9296875,43868.7890625,43745.140625,43745.140625,65685972,0.0,0.0
2024-11-14 14:00:00-05:00,43744.609375,43886.359375,43704.8203125,43780.94140625,82976256,0.0,0.0
2024-11-14 15:30:00-05:00,43780.44140625,43793.87109375,43705.1796875,43753.83984375,54538560,0.0,0.0
2024-11-15 09:30:00-05:00,43587.9296875,43647.53125,43419.3203125,43438.890625,146513674,0.0,0.0
2024-11-15 11:00:00-05:00,43439.0390625,43542.859375,43394.609375,43396.80859375,98202416,0.0,0.0
2024-11-15 12:30:00-05:00,43396.94921875,43462.03125,43350.4296875,43399.75,92588130,0.0,0.0
2024-11-15 14:00:00-05:00,43400.7109375,43515.671875,43377.58984375,43439.76953125,94799347,0.0,0.0
2024-11-15 15:30:00-05:00,43439.62109375,43477.80859375,43386.859375,43439.19140625,64789581,0.0,0.0
2024-11-18 09:30:00-05:00,43431.890625,43455.421875,43297.5703125,43452.69140625,116173903,0.0,0.0
2024-11-18 11:00:00-05:00,43452.25,43505.66015625,43403.4296875,43436.51171875,70620591,0.0,0.0
2024-11-18 12:30:00-05:00,43436.3984375,43468.890625,43320.8515625,43393.01171875,56324702,0.0,0.0
2024-11-18 14:00:00-05:00,43392.87890625,43409.51171875,43315.828125,43393.7109375,60312709,0.0,0.0
2024-11-18 15:30:00-05:00,43395.37109375,43398.71875,43348.94140625,43394.1484375,51655562,0.0,0.0
2024-11-19 09:30:00-05:00,43243.26953125,43243.26953125,42938.87109375,43183.75,114695976,0.0,0.0
2024-11-19 11:00:00-05:00,43185.109375,43282.75,43164.859375,43265.21875,71585587,0.0,0.0
2024-11-19 12:30:00-05:00,43265.1796875,43380.96875,43249.6484375,43373.109375,58534203,0.0,0.0
2024-11-19 14:00:00-05:00,43373.26953125,43378.80859375,43214.26953125,43246.94140625,71182093,0.0,0.0
2024-11-19 15:30:00-05:00,43247.30859375,43270.6796875,43224.55859375,43265.0390625,56908925,0.0,0.0
2024-11-20 09:30:00-05:00,43296.05078125,43359.21875,43074.859375,43238.23828125,120147127,0.0,0.0
2024-11-20 11:00:00-05:00,43237.44140625,43285.421875,43098.03125,43165.76953125,80130929,0.0,0.0
2024-11-20 12:30:00-05:00,43166.7890625,43265.41015625,43124.76171875,43162.08984375,53744346,0.0,0.0
2024-11-20 14:00:00-05:00,43162.23046875,43305.0390625,43137.37890625,43296.2109375,66697802,0.0,0.0
2024-11-20 15:30:00-05:00,43296.37109375,43465.76953125,43296.37109375,43406.87890625,62782812,0.0,0.0
2024-11-21 09:30:00-05:00,43538.69921875,43746.58984375,43345.578125,43729.01171875,278309518,0.0,0.0
2024-11-21 11:00:00-05:00,43728.58984375,43874.671875,43708.51953125,43862.1796875,107344033,0.0,0.0
2024-11-21 12:30:00-05:00,43861.6796875,44020.30859375,43843.921875,43934.1484375,85672081,0.0,0.0
2024-11-21 14:00:00-05:00,43935.0703125,43976.7109375,43911.33984375,43953.94921875,91039821,0.0,0.0
2024-11-21 15:30:00-05:00,43953.55859375,43956.1015625,43864.51171875,43866.44140625,62217730,0.0,0.0
2024-11-22 09:30:00-05:00,43871.62890625,44209.48046875,43871.62890625,44155.05859375,130884529,0.0,0.0
2024-11-22 11:00:00-05:00,44165.578125,44241.73046875,44049.1484375,44229.98828125,91196755,0.0,0.0
2024-11-22 12:30:00-05:00,44229.7890625,44254.8203125,44144.51171875,44221.44921875,58234799,0.0,0.0
2024-11-22 14:00:00-05:00,44221.48046875,44266.98046875,44155.41015625,44209.37890625,72048781,0.0,0.0
2024-11-22 15:30:00-05:00,44209.1484375,44323.94921875,44204.1796875,44292.578125,57516158,0.0,0.0
2024-11-25 09:30:00-05:00,44385.48828125,44815.671875,44385.48828125,44692.828125,151585699,0.0,0.0
2024-11-25 11:00:00-05:00,44693.80859375,44705.1484375,44526.0703125,44533.76953125,78497303,0.0,0.0
2024-11-25 12:30:00-05:00,44533.94921875,44718.328125,44512.921875,44715.80078125,64836034,0.0,0.0
2024-11-25 14:00:00-05:00,44715.33984375,44725.5390625,44657.51171875,44701.48046875,64958057,0.0,0.0
2024-11-25 15:30:00-05:00,44701.140625,44736.71875,44685.359375,44732.390625,73674709,0.0,0.0
2024-11-26 09:30:00-05:00,44614.890625,44630.66015625,44426.66015625,44503.73828125,169775915,0.0,0.0
2024-11-26 11:00:00-05:00,44504.41015625,44633.3515625,44487.44140625,44616.30859375,63151128,0.0,0.0
2024-11-26 12:30:00-05:00,44616.69140625,44756.21875,44616.01953125,44741.390625,46252213,0.0,0.0
2024-11-26 14:00:00-05:00,44741.5703125,44856.48828125,44689.16015625,44831.94921875,58736343,0.0,0.0
2024-11-26 15:30:00-05:00,44831.859375,44903.01171875,44824.73828125,44851.26953125,50797379,0.0,0.0
2024-11-27 09:30:00-05:00,44837.75,45003.05859375,44837.75,44884.171875,119063382,0.0,0.0
2024-11-27 11:00:00-05:00,44882.859375,44910.21875,44780.0,44809.69921875,69265757,0.0,0.0
2024-11-27 12:30:00-05:00,44809.30859375,44814.6796875,44710.12890625,44752.01953125,52549571,0.0,0.0
2024-11-27 14:00:00-05:00,44752.4609375,44776.19140625,44707.08984375,44726.96875,52533976,0.0,0.0
2024-11-27 15:30:00-05:00,44724.55078125,44756.76171875,44690.23046875,44722.80078125,41269330,0.0,0.0
2024-11-29 09:30:00-05:00,44760.05078125,44928.9296875,44760.05078125,44917.26171875,96099700,0.0,0.0
2024-11-29 11:00:00-05:00,44916.640625,45071.2890625,44911.98828125,45045.609375,68384140,0.0,0.0
2024-11-29 12:30:00-05:00,45045.359375,45066.94140625,44925.890625,44940.19140625,43600358,0.0,0.0
2024-12-02 09:30:00-05:00,44925.859375,45001.66015625,44710.16015625,44765.9609375,107006109,0.0,0.0
2024-12-02 11:00:00-05:00,44766.5,44823.6484375,44721.08984375,44753.03125,59771850,0.0,0.0
2024-12-02 12:30:00-05:00,44752.80859375,44828.2890625,44746.3203125,44823.8203125,47968845,0.0,0.0
2024-12-02 14:00:00-05:00,44822.19921875,44851.91015625,44789.7109375,44824.2109375,48227400,0.0,0.0
2024-12-02 15:30:00-05:00,44823.078125,44823.078125,44764.12890625,44783.3203125,46498366,0.0,0.0
2024-12-03 09:30:00-05:00,44769.578125,44914.6796875,44625.01953125,44668.30078125,91413776,0.0,0.0
2024-12-03 11:00:00-05:00,44668.69921875,44705.58984375,44574.78125,44704.51953125,59210519,0.0,0.0
2024-12-03 12:30:00-05:00,44704.4296875,44778.609375,44689.76953125,44702.8203125,49053517,0.0,0.0
2024-12-03 14:00:00-05:00,44702.75,44760.21875,44670.73828125,44719.94921875,53862043,0.0,0.0
2024-12-03 15:30:00-05:00,44718.8984375,44742.55859375,44690.4609375,44705.55859375,46772665,0.0,0.0
2024-12-04 09:30:00-05:00,44941.05078125,45018.8203125,44826.421875,44877.609375,116258053,0.0,0.0
2024-12-04 11:00:00-05:00,44877.828125,44974.58984375,44868.8515625,44896.171875,88597450,0.0,0.0
2024-12-04 12:30:00-05:00,44896.1796875,44914.94140625,44799.73828125,44895.08984375,62114563,0.0,0.0
2024-12-04 14:00:00-05:00,44884.91015625,45037.609375,44865.3203125,45003.30078125,83969609,0.0,0.0
2024-12-04 15:30:00-05:00,45003.5,45073.62890625,44991.078125,45011.98828125,58886815,0.0,0.0
2024-12-05 09:30:00-05:00,45038.44140625,45059.94140625,44863.8515625,44917.16015625,109001046,0.0,0.0
2024-12-05 11:00:00-05:00,44916.73828125,44943.890625,44851.71875,44865.5703125,70484925,0.0,0.0
2024-12-05 12:30:00-05:00,44865.69140625,44919.7109375,44813.44921875,44876.33984375,59264557,0.0,0.0
2024-12-05 14:00:00-05:00,44875.671875,44886.87109375,44774.48828125,44796.87109375,56273392,0.0,0.0
2024-12-05 15:30:00-05:00,44797.16015625,44820.8203125,44747.140625,44772.26953125,52852039,0.0,0.0
